date,cvar_historical,mv_historical,cvar_mbb,mv_mbb,ew
2023-01-06,"[0.3499999999988014, 0.16382664799339924, 7.772586900970904e-14, 0.3499999999790561, 0.13617335202866535]","[0.2865134478161722, 0.34791034889360073, 1.5613311313174163e-07, 0.015583172291907392, 0.34999287486520664]","[0.34999999998659265, 0.1528744065636126, 5.915654905061012e-13, 0.3499999998968727, 0.1471255935523307]","[0.34999892345827527, 0.09649235959337031, 2.41979946265246e-07, 0.20622740883854548, 0.3472810661298627]",[0.2 0.2 0.2 0.2 0.2]
2023-01-13,"[0.34999999998889564, 0.010974902624389653, 2.6662792862531123e-12, 0.34999999992171077, 0.2890250974623378]","[0.28315589449670897, 0.11901897219879737, 1.9437352455194261e-07, 0.24782562690713536, 0.3499993120238338]","[0.34999999999917664, 0.19920489068781347, 1.1063276708765481e-13, 0.349999999997783, 0.1007951093151163]","[0.34999845424581155, 0.17417509166229628, 8.556363047504788e-07, 0.12583702056336105, 0.34998857789222654]",[0.2 0.2 0.2 0.2 0.2]
2023-01-20,"[0.3499999999954011, 0.16382664755587106, 5.474185598725066e-13, 0.34999999997132386, 0.13617335247685688]","[0.3169632792608048, 0.20514969129916444, 2.562956698116333e-07, 0.12788846079661464, 0.3499983123477493]","[0.349999999998334, 0.21185511664355622, 2.466398276146389e-13, 0.3053409236320924, 0.13280395972577072]","[0.34999887907653077, 0.29869117410361185, 1.6416991743617873e-07, 0.0013416541598258549, 0.349968128490114]",[0.2 0.2 0.2 0.2 0.2]
2023-01-27,"[0.34999999999432774, 0.16382664741362687, 3.848348047086704e-13, 0.34999999984719776, 0.13617335274446307]","[0.34999929633624444, 0.18186606614641312, 2.1433620008604688e-07, 0.11813543174524915, 0.3499989914358931]","[0.349999999992458, 0.19920489005151187, 1.462489455634896e-12, 0.3499999999530064, 0.10079511000156131]","[0.34323618373353026, 0.18633496115104958, 9.939079673019876e-08, 0.12043001595043412, 0.3499987397741892]",[0.2 0.2 0.2 0.2 0.2]
2023-02-03,"[0.34999999999274534, 0.19920489086140966, 2.9032986382949084e-12, 0.34999999905916157, 0.1007951100837803]","[0.3499999675321621, 0.2434885884282842, 1.0538748027567013e-08, 0.056511530218025935, 0.34999990328277975]","[0.34999999998333403, 0.19920489174231357, 3.881693765089432e-12, 0.34999998937717186, 0.10079511889329908]","[0.34975868099079216, 0.19728413960716554, 3.3724936888301127e-07, 0.10295802822183342, 0.3499988139308399]",[0.2 0.2 0.2 0.2 0.2]
2023-02-10,"[0.3499999999993644, 0.1638266478847004, 3.741514867960965e-14, 0.3499999999877041, 0.13617335212819376]","[0.34999933125496147, 0.1328458452456979, 5.584615353562476e-08, 0.16715515754335575, 0.3499996101098315]","[0.34999999998743625, 0.16382664767105448, 1.0346095165965186e-12, 0.349999999540438, 0.13617335280003715]","[0.34999943928243327, 0.24243059940774833, 4.8835717666536255e-08, 0.057570918090098955, 0.3499989943840019]",[0.2 0.2 0.2 0.2 0.2]
2023-02-17,"[0.3499999999998341, 0.1992048906292166, 4.2239407059750336e-14, 0.3499999999893392, 0.10079510938156783]","[0.3499999430479435, 0.11372424654865965, 1.921286570903206e-08, 0.18627608976523938, 0.3499997014252921]","[0.349999999950882, 0.19920489192771965, 6.174237697791974e-12, 0.34999999906647544, 0.10079510904874901]","[0.34999767596615694, 0.3499699551196962, 2.7294700936881437e-07, 0.019428065686224075, 0.28060403028091346]",[0.2 0.2 0.2 0.2 0.2]
2023-02-24,"[0.34999999999969417, 0.1992048906037054, 1.7938669731049695e-14, 0.3499999999991762, 0.10079510939740666]","[0.34999904837265544, 0.16579061088245256, 3.628646338039507e-08, 0.15661351334508314, 0.3275967911133456]","[0.34999999999892234, 0.17584499935066772, 1.6988923414362084e-13, 0.12415500065652184, 0.3499999999937183]","[0.3108116169520034, 0.3391057154940372, 4.548319124231242e-07, 8.412723527187337e-05, 0.3499980854867753]",[0.2 0.2 0.2 0.2 0.2]
2023-03-03,"[0.34999999999908266, 3.877197950633896e-11, 5.903698098903175e-14, 0.34999999999386583, 0.2999999999682206]","[0.30176704718973374, 0.044691727993151735, 1.1154805252904472e-08, 0.30354141877957663, 0.34999979488273264]","[0.3499999999852963, 0.16382664661843688, 1.1412929169903053e-12, 0.34999999921501507, 0.13617335418011062]","[0.3238833936004474, 0.24959904432123445, 3.632157544789258e-09, 0.07651768818413056, 0.3499998702620301]",[0.2 0.2 0.2 0.2 0.2]
2023-03-10,"[0.34999999994825987, 0.17584500678339418, 4.301969830002446e-12, 0.12415499375847296, 0.3499999995055713]","[0.34041015248712475, 0.19816895693214187, 4.8592600870214375e-08, 0.1114210737542193, 0.34999976823391327]","[0.3499999999996414, 0.16757784995597722, 5.002551915811711e-13, 0.1324221500445034, 0.3499999999993779]","[0.2697004435218173, 0.3387095237266198, 8.335892666292789e-07, 0.04158987153110333, 0.3499993276311931]",[0.2 0.2 0.2 0.2 0.2]
2023-03-17,"[0.34999999999984577, 0.17256852469174583, 2.0903037704547776e-13, 0.1274314753089668, 0.3499999999992326]","[0.30643352987829875, 0.3324841267130323, 7.511562104360591e-09, 0.011085684530318253, 0.34999665136678854]","[0.349999999999689, 0.1675778499754807, 3.1795258539017785e-13, 0.13242215002592833, 0.34999999999858405]","[0.27798945417649856, 0.3360984441784547, 1.6773738486940569e-07, 0.035917656553983976, 0.34999427735366395]",[0.2 0.2 0.2 0.2 0.2]
2023-03-24,"[0.34999999999836046, 0.17256852450435306, 9.825467792116449e-13, 0.12743147550285724, 0.34999999999344666]","[0.2614635954579703, 0.3498920368969692, 4.5391808868872114e-07, 0.03864462609435165, 0.3499992876326204]","[0.3499999999997879, 0.1758449993031969, 1.3692175180382415e-12, 0.12415500069604, 0.34999999999960585]","[0.2665545156185275, 0.34999860962206286, 4.278844274924257e-06, 0.03344425060198952, 0.3499983453131452]",[0.2 0.2 0.2 0.2 0.2]
2023-03-31,"[0.34999999999079695, 0.23803114217764618, 1.1731534999827443e-11, 0.061968857841541436, 0.349999999978284]","[0.29111957960171003, 0.3499948592869218, 7.859180892689635e-07, 0.008887180248202267, 0.3499975949450767]","[0.3499999999877643, 0.29048089075522016, 1.3703798968750588e-11, 0.009519109259329297, 0.34999999998398273]","[0.34764639611045034, 0.3023546670809103, 5.922172296973953e-08, 1.5532922763553986e-07, 0.3499987222576888]",[0.2 0.2 0.2 0.2 0.2]
2023-04-07,"[0.34999999999924014, 0.29048089336487176, 5.077944604556166e-13, 0.009519106644409924, 0.3499999999909705]","[0.3322643806834942, 0.3177319476650179, 1.0885735101360437e-06, 6.515367914786188e-06, 0.3499960677100629]","[0.34999999999954484, 0.17256852483294385, 1.9116286055381277e-12, 0.1274314751674219, 0.34999999999817777]","[0.22496560172901617, 0.3499960384625472, 8.83755908572972e-08, 0.07503830826128371, 0.3499999631715619]",[0.2 0.2 0.2 0.2 0.2]
2023-04-14,"[0.3499999999979759, 0.17256852550432325, 1.2688366141662183e-11, 0.12743147448938985, 0.34999999999562287]","[0.26444091814789383, 0.3499979446346466, 2.5905586769582257e-07, 0.0355610441487316, 0.3499998340128604]","[0.34999999999897835, 0.23803114104882475, 1.01487696417874e-12, 0.061968858951887314, 0.3499999999992949]","[0.3499996519450091, 0.347039617644265, 9.028471833786769e-08, 3.741706055032199e-06, 0.30295689841995266]",[0.2 0.2 0.2 0.2 0.2]
2023-04-21,"[0.34999999999981396, 0.17256852466604242, 5.944677407695355e-13, 0.12743147533395746, 0.3499999999995917]","[0.3467726573175063, 0.30322518363047674, 3.058761549103289e-07, 3.5033335467330383e-06, 0.3499983498423155]","[0.3499999999996714, 0.2324898425812601, 2.2894040988194217e-12, 0.06751015741749898, 0.34999999999928016]","[0.31002558312455275, 0.3399623052163618, 1.014270640027759e-06, 1.7449309125101142e-05, 0.34999364807932026]",[0.2 0.2 0.2 0.2 0.2]
2023-04-28,"[0.34999999999929843, 0.26171650756881293, 4.904111759562974e-13, 0.03828349243230254, 0.34999999999909553]","[0.3499975264142808, 0.26181208951650614, 1.6069312461647156e-06, 0.03825162236585233, 0.3499371547721146]","[0.3499999999975447, 0.261716508251664, 1.401515829520124e-12, 0.03828349175231667, 0.3499999999970734]","[0.29953538493265647, 0.349969303245991, 4.5256004521544836e-07, 0.0004958044286546007, 0.34999905483265253]",[0.2 0.2 0.2 0.2 0.2]
2023-05-05,"[0.3499999999992876, 0.17256852524243582, 7.39406340415823e-12, 0.12743147475259128, 0.3499999999982913]","[0.34999997920055664, 0.32631806025395327, 6.412229391325373e-08, 0.0592970194442223, 0.26438487697897395]","[0.34999999998614273, 0.29048089338604527, 4.211727651833109e-12, 0.009519106630711283, 0.34999999999288917]","[0.34618407540796986, 0.30381942873718826, 5.615191163435964e-07, 4.010659702764636e-06, 0.3499919236760227]",[0.2 0.2 0.2 0.2 0.2]
2023-05-12,"[0.3499999999994097, 0.29048089334899163, 1.7237775316971807e-13, 0.009519106652613064, 0.3499999999988132]","[0.34999998271116467, 0.29048378927047347, 5.264485834670764e-07, 0.009517948362341105, 0.34999775320743737]","[0.34999999999396075, 0.2999999999566364, 2.0458733633538483e-12, 4.8851391019134956e-11, 0.34999999999850584]","[0.3499999678068201, 0.3000002692962609, 4.8967671850654235e-08, 4.543045653270775e-08, 0.34999966849879044]",[0.2 0.2 0.2 0.2 0.2]
2023-05-19,"[0.34999999941706356, 0.3000000005721548, 4.1406709696702905e-12, 8.458996932590616e-12, 0.349999999998182]","[0.3499998756504664, 0.3000001138082411, 1.842360423428597e-08, 2.6832554115403865e-07, 0.3499997237921473]","[0.34999999999937476, 0.29048089318043735, 4.488364602000794e-13, 0.009519106821176005, 0.34999999999856307]","[0.34992156632913035, 0.30022367329209365, 1.7474913877282143e-06, 3.6203850315466155e-06, 0.34984939250235697]",[0.2 0.2 0.2 0.2 0.2]
2023-05-26,"[0.3499999999991351, 0.23803114107232606, 7.374139893558121e-13, 0.061968858929171984, 0.34999999999862963]","[0.3406283184030183, 0.3093712442512015, 5.32248529160211e-07, 1.547582797602729e-07, 0.3499997503389714]","[0.34999999999978465, 0.1725685247334581, 3.2051951492820534e-12, 0.12743147526460452, 0.34999999999894765]","[0.34999993260104073, 0.30977033033940554, 7.070024302846904e-08, 1.6784314124211813e-07, 0.3402294985161693]",[0.2 0.2 0.2 0.2 0.2]
2023-06-02,"[0.3499999999312682, 0.2904808928615259, 1.8152277745537175e-11, 0.009519107294348718, 0.3499999998947054]","[0.3452579875510464, 0.30474196009820614, 6.059398647973731e-08, 7.234296105337973e-08, 0.3499999194138001]","[0.3499999999936946, 0.2904808876339365, 9.15457275443571e-12, 0.009519112394008874, 0.3499999999692055]","[0.33585279906963655, 0.31414733084605606, 1.3139503604476383e-07, 7.982144030603634e-07, 0.34999894047486824]",[0.2 0.2 0.2 0.2 0.2]
2023-06-09,"[0.34999999999921333, 0.23803114053344912, 5.279959698111882e-13, 0.06196885946886539, 0.3499999999979441]","[0.2887156924186062, 0.3499984965626813, 2.1332094779894265e-07, 0.011285757747791631, 0.349999839949973]","[0.34999999999930015, 0.17256852522161523, 3.898374731718669e-12, 0.12743147477763273, 0.34999999999755355]","[0.30120240744653076, 0.34879790244827696, 4.9278323672615066e-08, 4.546793575043456e-07, 0.3499991861475112]",[0.2 0.2 0.2 0.2 0.2]
2023-06-16,"[0.3499999999722685, 0.2617165178010866, 7.518401461939617e-12, 0.03828348223535363, 0.34999999998377274]","[0.3284899593343178, 0.32151038899350287, 3.071529283093563e-08, 2.026338594507688e-08, 0.34999960069350067]","[0.34999999999814846, 0.2904808933340366, 7.030618295928437e-13, 0.00951910666921484, 0.3499999999978972]","[0.34773142472557544, 0.3023521485387606, 3.104045599838622e-06, 4.080576103791891e-06, 0.34990924211396046]",[0.2 0.2 0.2 0.2 0.2]
2023-06-23,"[0.349999999954971, 0.23803114241140683, 1.2341340709772311e-11, 0.06196885763640131, 0.3499999999848796]","[0.3252013215013055, 0.3247989236456564, 1.1042135735384151e-07, 1.325378261047773e-07, 0.3499995118938547]","[0.34999999999847686, 0.29048089297887475, 8.064590312501112e-13, 0.009519107024122378, 0.34999999999771964]","[0.3499999257620907, 0.3032425230846142, 2.429665217059948e-08, 7.586477574057017e-08, 0.3467574509918673]",[0.2 0.2 0.2 0.2 0.2]
2023-06-30,"[0.3499999998447769, 0.29999999949991585, 2.1359360069816674e-11, 6.329682825558866e-10, 0.35000000000097986]","[0.34999781743130337, 0.30000955922812356, 4.5058896613866884e-07, 6.910996162459603e-07, 0.3499914816519907]","[0.3499999999997767, 0.17256852470411296, 2.482488148063664e-12, 0.12743147529443336, 0.3499999999991946]","[0.3052369475406669, 0.34476266193951544, 9.479678938906192e-07, 1.5231151921659214e-06, 0.3499979194367317]",[0.2 0.2 0.2 0.2 0.2]
2023-07-07,"[0.3499999999965182, 0.2904808929408916, 1.2168069856322482e-12, 0.009519107072512138, 0.3499999999888613]","[0.341426285689058, 0.30857490468967513, 2.1431224583393337e-08, 1.4298592371038447e-08, 0.3499987738914501]","[0.34999999999855014, 0.23248984200047812, 5.22181854441696e-12, 0.0675101579992248, 0.3499999999965252]","[0.31869982620829973, 0.3313001903005181, 1.2520473508282024e-07, 2.0564432445249545e-07, 0.3499996526421227]",[0.2 0.2 0.2 0.2 0.2]
2023-07-14,"[0.34999999999944553, 0.23803114069443723, 7.055484301878112e-13, 0.06196885930691951, 0.3499999999984922]","[0.2983521642188056, 0.34999910727716255, 7.182804351673139e-07, 0.0016483025038435818, 0.3499997077197531]","[0.3499999999930753, 0.23803111948260497, 5.854924368249499e-11, 0.06196888048054195, 0.3499999999852286]","[0.31744534069707037, 0.3325546568933498, 7.678891110615607e-08, 2.1593100619084658e-07, 0.3499997096896624]",[0.2 0.2 0.2 0.2 0.2]
2023-07-21,"[0.3499999999991165, 0.1758450019078812, 3.399696301399538e-11, 0.12415499805989978, 0.3499999999991055]","[0.2966315395444194, 0.34999980653768725, 2.737504758897086e-07, 0.0033685315457015804, 0.3499998486217161]","[0.3499999999993793, 0.16757785016631138, 2.352164746831283e-13, 0.13242214983505673, 0.34999999999901743]","[0.24461006573279082, 0.349993980040165, 2.096367391880003e-06, 0.05539434580725313, 0.3499995120523993]",[0.2 0.2 0.2 0.2 0.2]
2023-07-28,"[0.3499999999861134, 0.2999999999218102, 2.527712024684348e-12, 9.224095807441038e-11, 0.3499999999973077]","[0.34999904689525135, 0.30000361164462164, 1.6336452089036036e-07, 2.067537056496634e-07, 0.34999697134190044]","[0.3499999999997937, 0.2380311401562084, 2.8698291202439886e-12, 0.06196885984186831, 0.34999999999925985]","[0.31411019876931523, 0.335889800562781, 6.411869134185166e-08, 1.0010755575092418e-07, 0.34999983644165666]",[0.2 0.2 0.2 0.2 0.2]
2023-08-04,"[0.34999999998922215, 0.2617165092997525, 8.751577430046702e-12, 0.03828349071024171, 0.3499999999920321]","[0.28895631306469116, 0.3499982464920639, 2.047727560672007e-06, 0.011043704367173625, 0.34999968834851075]","[0.34999999999880743, 0.23803114057391675, 5.833254191532036e-13, 0.06196885942839733, 0.34999999999829534]","[0.32022605792798153, 0.32977406733848114, 5.9479482313111394e-08, 6.746670268627516e-08, 0.3499997477873524]",[0.2 0.2 0.2 0.2 0.2]
2023-08-11,"[0.3499999999916318, 0.23803114131526404, 2.2977291509454837e-11, 0.06196885868080426, 0.3499999999893226]","[0.3468170538963513, 0.30318328615507084, 2.25117951057555e-06, 2.1455480001575846e-06, 0.3499952632210673]","[0.3499999999983272, 0.17256852462940278, 1.3283147094004344e-12, 0.1274314753720247, 0.349999999998917]","[0.297513332471711, 0.34999893652154196, 1.9831383258905744e-06, 0.002486238658419038, 0.34999950921000206]",[0.2 0.2 0.2 0.2 0.2]
2023-08-18,"[0.3499999999949241, 0.290480893302428, 9.860550662949561e-13, 0.009519106706612055, 0.34999999999504977]","[0.3499999094616274, 0.31097216126349475, 8.829622505151398e-08, 1.2554462837044142e-07, 0.3390277154340244]","[0.34999999997567577, 0.17584500021916397, 3.381324609712461e-11, 0.1241549998042476, 0.34999999996709963]","[0.28459560939047995, 0.34999943813418205, 9.109507740235056e-06, 0.01539633383330791, 0.34999950913429007]",[0.2 0.2 0.2 0.2 0.2]
2023-08-25,"[0.3499999999975275, 0.2904808935291017, 9.523523278336413e-13, 0.009519106476664412, 0.3499999999957541]","[0.34880955516120304, 0.3011906176668657, 6.015525776303985e-07, 7.684582675342968e-07, 0.349998457161086]","[0.3499999999474338, 0.1725685251193906, 6.364181794361564e-12, 0.1274314749420052, 0.3499999999848063]","[0.2767223978964337, 0.3499999791147232, 1.0169057474035829e-07, 0.023277539654535478, 0.349999981643733]",[0.2 0.2 0.2 0.2 0.2]
2023-09-01,"[0.3499999999953537, 0.1758449990059423, 3.50004941499103e-11, 0.12415500096669681, 0.34999999999700676]","[0.3499989261295961, 0.3407683896042247, 3.4277676115838704e-06, 3.2529295577365006e-05, 0.30919672720299046]","[0.3499999999917379, 0.29048089213924566, 3.3214990261228817e-12, 0.009519107882278291, 0.34999999998341663]","[0.34608998619712095, 0.3039102846252087, 1.3370051205895767e-07, 1.4639634200150682e-07, 0.34999944908081626]",[0.2 0.2 0.2 0.2 0.2]
2023-09-08,"[0.3499999999985845, 0.17256852462885303, 9.147554320768097e-13, 0.12743147537399468, 0.349999999997653]","[0.291907713732065, 0.3499991175351509, 6.785229764485735e-07, 0.008092705018606414, 0.34999978519120123]","[0.3499999999994909, 0.1758449985903192, 1.2947585521543541e-11, 0.12415500139786717, 0.3499999999993751]","[0.28931821047535344, 0.34999882502596197, 9.42971931571823e-06, 0.010674377436533003, 0.349999157342836]",[0.2 0.2 0.2 0.2 0.2]
2023-09-15,"[0.3499999999994746, 0.23803114061419783, 3.196525778036538e-13, 0.061968859386565114, 0.34999999999944265]","[0.29992956592719444, 0.3499978102660564, 2.422723744481125e-06, 7.117091246926139e-05, 0.3499990301705353]","[0.3499999999862292, 0.1725685263554845, 1.8538702156270927e-11, 0.12743147365863722, 0.3499999999811105]","[0.29786228662192993, 0.3499996586671304, 1.0725416471458122e-06, 0.0021372501044895414, 0.349999732064803]",[0.2 0.2 0.2 0.2 0.2]
2023-09-22,"[0.34999999999092624, 0.1675778561466521, 1.6125524186175354e-11, 0.13242214385922932, 0.3499999999870669]","[0.3122807067601096, 0.33771916858546047, 4.508239927587299e-07, 7.415588290002054e-07, 0.34999893227160817]","[0.3499999999776806, 0.17584499802813125, 6.734859460230879e-11, 0.1241550019323079, 0.3499999999945317]","[0.3364932526802477, 0.3135067589065422, 2.7485295338911047e-08, 4.125474108263642e-08, 0.3499999196731736]",[0.2 0.2 0.2 0.2 0.2]
2023-09-29,"[0.3499999999858089, 0.1725685253984045, 8.719730626255465e-12, 0.12743147462143692, 0.3499999999856302]","[0.25510669054452606, 0.3499972048740322, 3.273576516212997e-06, 0.04489373959234315, 0.3499990914125823]","[0.3499999999962707, 0.2617165138047733, 2.168643782801789e-12, 0.038283486202213106, 0.34999999999457415]","[0.3369398369554893, 0.31306015810273075, 1.8906867033734026e-08, 4.416559073364813e-08, 0.34999994186932204]",[0.2 0.2 0.2 0.2 0.2]
2023-10-06,"[0.34999999996952574, 0.29048088901114466, 1.4360148034584823e-11, 0.009519111024304895, 0.3499999999806649]","[0.3478310655048478, 0.30217102511595306, 8.747646147086167e-07, 1.0848271164176955e-06, 0.34999594978746806]","[0.34999999998287085, 0.29999999966764973, 1.6196240243109093e-11, 3.7509698366176543e-10, 0.3499999999581865]","[0.34999835500388676, 0.30000521141993153, 8.355923446126354e-07, 7.907324371761492e-07, 0.3499948072514001]",[0.2 0.2 0.2 0.2 0.2]
2023-10-13,"[0.34999999999955833, 0.290480893307196, 1.4635568859011495e-13, 0.009519106693800829, 0.34999999999929865]","[0.3437841431338991, 0.306216658886351, 2.8920392872530344e-07, 5.68246338886882e-07, 0.3499983405294822]","[0.34999999997134473, 0.17256852528929148, 1.430189587590678e-11, 0.12743147474527783, 0.34999999997978437]","[0.28714616561925327, 0.34999806304467623, 2.1061218439758567e-06, 0.012853845085330901, 0.34999982012889574]",[0.2 0.2 0.2 0.2 0.2]
2023-10-20,"[0.3499999999996568, 0.26171651182066996, 2.6723922154394164e-13, 0.038283488179984025, 0.34999999999942183]","[0.3335254793028507, 0.31647456193649787, 2.1122755490332677e-07, 1.4280411040372824e-07, 0.3499996047289864]","[0.34999999999804776, 0.23803114105040918, 1.0507253392167403e-12, 0.06196885895494922, 0.34999999999554304]","[0.34999975565445524, 0.3499895305264084, 0.0010827068931052318, 1.5055681494515236e-06, 0.2989265013578817]",[0.2 0.2 0.2 0.2 0.2]
2023-10-27,"[0.34999999999914816, 0.23803113914528234, 6.829291169072873e-12, 0.06196886085097278, 0.34999999999776754]","[0.30308595378288367, 0.3469131015677876, 4.893699194979464e-07, 1.0470237130336112e-06, 0.34999940825569653]","[0.34999999999951514, 0.2904808932643508, 2.7929056224465826e-13, 0.009519106737354682, 0.34999999999850023]","[0.34322721140912205, 0.3067733198996857, 1.2109657107123673e-06, 1.6591468786753293e-06, 0.34999659857860277]",[0.2 0.2 0.2 0.2 0.2]
2023-11-03,"[0.34999999999763215, 0.11118550917685642, 7.403764189414595e-13, 0.18881449082557245, 0.3499999999991985]","[0.2243328891648636, 0.34999890574238923, 3.3347102722707363e-06, 0.07566494045354619, 0.34999992992892875]","[0.34999999999408576, 0.167577850411597, 1.7829186439659887e-12, 0.1324221495958936, 0.34999999999664083]","[0.24846596730220122, 0.34999918163595856, 3.495405009180322e-07, 0.05153455585409463, 0.3499999456672448]",[0.2 0.2 0.2 0.2 0.2]
2023-11-10,"[0.349999999997922, 0.2617165082558497, 8.469542078615836e-13, 0.0382834917467385, 0.34999999999864306]","[0.31790610670021713, 0.33209748256037636, 1.4756617742901305e-06, 7.769662126603023e-07, 0.34999415811141954]","[0.34999999999011466, 0.16757784973244816, 5.805067319447868e-12, 0.1324221502754473, 0.349999999996185]","[0.26523012276659613, 0.34999941886138186, 0.003910865915419097, 0.03086028101873942, 0.3499993114378635]",[0.2 0.2 0.2 0.2 0.2]
2023-11-17,"[0.349999999967076, 0.2999999911201384, 7.489115882973067e-12, 8.928103278193587e-09, 0.3499999999771934]","[0.3499902227724552, 0.3000263909186594, 2.1889051624740282e-06, 1.6624900144228496e-06, 0.3499795349137087]","[0.3499999999935126, 0.2904808931758529, 1.9480741007340276e-12, 0.009519106832890735, 0.34999999999579573]","[0.345965838361962, 0.3040329626739869, 1.3447291493994463e-06, 1.1362333851749114e-06, 0.3499987180015166]",[0.2 0.2 0.2 0.2 0.2]
2023-11-24,"[0.3499999999994144, 0.261716508377938, 9.578365473312184e-13, 0.03828349162245856, 0.3499999999992313]","[0.3218635714489518, 0.3281363043087007, 1.914794435817692e-07, 2.564028699153392e-07, 0.34999967636003404]","[0.34999999999938436, 0.15916815098071704, 2.67958930055553e-13, 0.14083184902022433, 0.34999999999940656]","[0.24953040753912226, 0.3499988109877691, 1.0486973111584937e-06, 0.05047010023621622, 0.3499996325395813]",[0.2 0.2 0.2 0.2 0.2]
2023-12-01,"[0.3499999999311098, 0.29048089375352115, 8.352947378829874e-12, 0.009519106316489553, 0.3499999999905268]","[0.3437050071718619, 0.30629485747694124, 3.572062548904679e-07, 5.223848227070119e-07, 0.3499992557601193]","[0.3499999999959686, 0.2617165082272694, 2.245004337618661e-12, 0.038283491775499924, 0.3499999999990172]","[0.32464031425799744, 0.3253596635955352, 2.6551408705334127e-07, 1.5194488772153148e-07, 0.34999960468749286]",[0.2 0.2 0.2 0.2 0.2]
2023-12-08,"[0.3499999999873915, 0.29048089337774197, 2.7370380350565807e-12, 0.009519106635939049, 0.34999999999619075]","[0.3462943096232555, 0.30370491954453177, 1.1199828716319015e-06, 1.0638984103970213e-06, 0.34999858695093067]","[0.349999999999361, 0.2904808932463255, 4.534853694626469e-13, 0.009519106754348179, 0.3499999999995119]","[0.34349011422213377, 0.3065091524163421, 4.042072811065575e-07, 1.601372963329288e-06, 0.3499987277812798]",[0.2 0.2 0.2 0.2 0.2]
2023-12-15,"[0.3499999999944334, 0.1675778498746679, 4.0243546083344595e-12, 0.1324221501310162, 0.34999999999585835]","[0.26740870977479764, 0.3499996988035912, 2.375716282743501e-07, 0.03259142507188815, 0.34999992877809494]","[0.34999999998270864, 0.26171651016121183, 1.3682235592915971e-11, 0.03828348985260867, 0.3499999999897887]","[0.3195977364475004, 0.3304033423736643, 1.91486373324929e-06, 7.465169133166187e-07, 0.3499962597981889]",[0.2 0.2 0.2 0.2 0.2]
2023-12-22,"[0.3499999999984277, 0.30000000000727917, 4.278286570265422e-13, 5.233295824773046e-13, 0.34999999999334214]","[0.34999787384072717, 0.3000050433351612, 2.7001038301488325e-07, 1.9918280222220886e-07, 0.3499966136309265]","[0.3499999999967133, 0.3000000000050008, 4.000160189503063e-13, 2.2469471198354964e-12, 0.34999999999563886]","[0.34999935652163633, 0.30000029402561673, 6.623354957528532e-07, 8.292884138998991e-07, 0.3499988578288372]",[0.2 0.2 0.2 0.2 0.2]
2023-12-29,"[0.34999999998954706, 0.3000000000961897, 3.2620632688638385e-13, 1.6869895596382293e-11, 0.3499999998970673]","[0.3499980893202611, 0.30000775432737925, 2.1100166961487786e-07, 3.125376731329464e-07, 0.3499936328130171]","[0.34999999999972853, 0.2999999999993198, 2.5887116536769014e-13, 1.1798791069153835e-12, 0.34999999999951314]","[0.34999953257232286, 0.30000054360242845, 5.003012116112752e-07, 2.0328271619563995e-07, 0.349999220241321]",[0.2 0.2 0.2 0.2 0.2]
2024-01-05,"[0.34999999989817776, 0.2999999997713812, 1.5419126083336007e-11, 3.329441523710855e-10, 0.34999999998207776]","[0.3499998469398106, 0.30000033642428153, 2.8633796181168768e-08, 2.0953075115615233e-08, 0.34999976704903657]","[0.3499999998448743, 0.3000000002327666, 1.3225699815606682e-11, 1.92607651777678e-11, 0.34999999988987285]","[0.34999909881887425, 0.30000181942366533, 6.551746919302506e-08, 1.1282167166163227e-07, 0.3499989034183196]",[0.2 0.2 0.2 0.2 0.2]
2024-01-12,"[0.3499999999951371, 0.30000000000619664, 5.928622594658433e-13, 1.3813576365377486e-12, 0.3499999999966921]","[0.34999646366189546, 0.3000079274337816, 6.775592339030788e-07, 4.059302850766239e-07, 0.34999452541480397]","[0.3499999999976252, 0.299999999997478, 2.1985613969672155e-13, 5.482682444175244e-12, 0.34999999999919423]","[0.3499998712779791, 0.30000000908639296, 1.530181681809709e-07, 5.087908429060963e-08, 0.3499999157383752]",[0.2 0.2 0.2 0.2 0.2]
2024-01-19,"[0.34999999999650033, 0.11118550908973275, 4.071459668735212e-12, 0.18881449091273228, 0.34999999999696335]","[0.24338357733192903, 0.34999957778702384, 7.563405683051564e-08, 0.05661680690886568, 0.3499999623381247]","[0.34999999998659825, 0.3000000000366633, 1.4850440145342187e-12, -4.20587240045989e-13, 0.34999999997567405]","[0.34999807807342787, 0.30000396647531835, 1.0882824460526042e-06, 5.493232806120609e-07, 0.34999631784552726]",[0.2 0.2 0.2 0.2 0.2]
2024-01-26,"[0.34999999999942155, 0.2999999999954698, 1.0217101241943631e-13, 6.820901009258431e-12, 0.3499999999981859]","[0.34998402332811146, 0.30004221772895634, 6.114658922741075e-07, 9.15995090608986e-07, 0.34997223148194934]","[0.349999999998582, 0.29999999989322507, 1.2813340555530303e-12, 1.0969970818181159e-10, 0.3499999999972117]","[0.349999604158943, 0.29999972586240375, 7.848182360893498e-07, 1.6577558103481062e-07, 0.3499997193848363]",[0.2 0.2 0.2 0.2 0.2]
2024-02-02,"[0.34999999999572273, 0.3000000000012864, 5.575320186397339e-13, 4.337116917278621e-12, 0.3499999999980962]","[0.3499974896147949, 0.29999799495714363, 4.209603175472676e-06, 1.1555900621549293e-06, 0.3499991502348241]","[0.34999999999824255, 0.30000000000484717, 8.174287840722568e-13, 2.3890679792043225e-12, 0.3499999999937038]","[0.3499993126213006, 0.30000005470405977, 5.100148258213201e-07, 1.1633722289963028e-06, 0.3499989592875848]",[0.2 0.2 0.2 0.2 0.2]
2024-02-09,"[0.3499999999792974, 0.3000000000068729, 1.0554195428760167e-11, 2.115285401020307e-11, 0.349999999982123]","[0.34999922156706825, 0.3000008540284959, 7.88312735788116e-07, 2.631319980454456e-07, 0.3499988729597021]","[0.3499999999902061, 0.30000000000230553, 2.2891506939996405e-12, 1.3582044150969834e-11, 0.34999999999161746]","[0.3499997601466544, 0.29999979084778017, 5.299062840564504e-07, 8.100307438035762e-08, 0.34999983809620716]",[0.2 0.2 0.2 0.2 0.2]
2024-02-16,"[0.3499999998875435, 0.30000000017044337, 2.4862225360846404e-12, 4.702386811751717e-12, 0.34999999993482456]","[0.3499993959151587, 0.3000002371219141, 7.459977602447048e-07, 2.0392495307162909e-07, 0.349999417040214]","[0.34999999998290676, 0.30000000007148503, 1.2592906729014088e-11, 3.9987591072625916e-11, 0.34999999989302794]","[0.34999945818577116, 0.30000026768267607, 7.794171458335447e-07, 2.692135029037588e-07, 0.34999922550090407]",[0.2 0.2 0.2 0.2 0.2]
2024-02-23,"[0.34999999997846365, 0.30000000007255145, 1.0099295271701676e-11, 4.064763094678968e-11, 0.34999999989823816]","[0.34999962710355353, 0.3000005124009541, 5.719251855460262e-07, 2.3022697759470512e-07, 0.34999905834332934]","[0.3499999999979862, 0.2999999999793428, 3.060191175063278e-12, 2.4617492073889496e-11, 0.3499999999949936]","[0.3499997311443808, 0.2999994255165066, 8.77334169814258e-07, 1.7159780130102346e-07, 0.3499997944071416]",[0.2 0.2 0.2 0.2 0.2]
2024-03-01,"[0.3499999999948488, 0.3000000000274027, 4.731374115042085e-12, 2.3249681774043012e-11, 0.3499999999497678]","[0.3499990523598273, 0.29999828531820527, 1.4178877731830633e-06, 2.413054802242337e-06, 0.34999883137939203]","[0.3499999999984847, 0.3000000000041578, 1.432130136432698e-12, 1.2884812230612553e-12, 0.349999999994637]","[0.3499995205686021, 0.29999984463473506, 8.121347836610103e-07, 2.064733324741826e-07, 0.34999961618854697]",[0.2 0.2 0.2 0.2 0.2]
2024-03-08,"[0.34999999999936404, 0.30000000000209753, 5.611046476226603e-13, 3.3907075189777568e-12, 0.3499999999945866]","[0.34999973581710964, 0.2999999248056064, 3.602700373123333e-07, 9.869863178441733e-08, 0.34999988040861507]","[0.34999999999953146, 0.3499999999438285, 2.736090040146528e-13, 1.8936906808962106e-12, 0.3000000000544727]","[0.349996582187104, 0.34987985525023174, 5.283205040804243e-05, 3.2838935353996708e-06, 0.3000674466187208]",[0.2 0.2 0.2 0.2 0.2]
2024-03-15,"[0.3499999999994881, 0.1106383840258908, 5.717420188441496e-13, 0.18936161597440732, 0.34999999999964204]","[0.22091430758583633, 0.34988098312883653, 5.804970365425868e-07, 0.0792044841537185, 0.3499996446345721]","[0.3499999999964531, 0.06202236356330099, 1.6465134791694142e-12, 0.2379776364431249, 0.3499999999954744]","[0.21178116554593734, 0.34999972928030726, 6.820724691803742e-09, 0.08821911696967207, 0.34999998138335875]",[0.2 0.2 0.2 0.2 0.2]
2024-03-22,"[0.34999999997483455, 0.13472476978590414, 1.0235146373281605e-11, 0.16527523025309251, 0.34999999997593373]","[0.23867851143985322, 0.3499909221684975, 2.770694507037619e-07, 0.06133054217576716, 0.34999974714643556]","[0.34999999995507486, 0.30000000013695177, 6.732370276383433e-12, 3.708571825827919e-11, 0.34999999986415553]","[0.34999875875089803, 0.29999798927927346, 2.14594621041536e-06, 2.249887459445873e-06, 0.34999885613615894]",[0.2 0.2 0.2 0.2 0.2]
2024-03-29,"[0.349999999999096, 0.06202236356846898, 7.677821379680939e-13, 0.23797763643317307, 0.3499999999984943]","[0.2042379229348548, 0.3499614301949884, 6.440003895347884e-08, 0.09580108142382597, 0.3499995010462919]","[0.3499999999857442, 0.11328909936707883, 1.0940713965303607e-11, 0.18671090067054136, 0.34999999996569514]","[0.25313226851240694, 0.3499990270949385, 2.286101933754099e-08, 0.046868700435820226, 0.349999981095815]",[0.2 0.2 0.2 0.2 0.2]
2024-04-05,"[0.34999999999889175, 0.1675778548973568, 6.907665293084356e-13, 0.13242214510695896, 0.34999999999610176]","[0.2606571517926059, 0.34999024753785574, 3.8310978201688083e-07, 0.03935256085167372, 0.3499996567080826]","[0.3499999999969141, 0.2999999999537313, 1.1398085220294574e-12, 5.6186290963529607e-11, 0.34999999999202847]","[0.34999366227722845, 0.2999921696950047, 9.048488817784256e-06, 6.723937009147563e-06, 0.34999839560194007]",[0.2 0.2 0.2 0.2 0.2]
2024-04-12,"[0.3499999999995166, 0.3000000000030625, 2.775143164952094e-13, 1.1930138609001218e-12, 0.34999999999595055]","[0.34999991181997014, 0.2999999304431017, 1.2947721423006852e-07, 5.287465886115479e-08, 0.3499999753850553]","[0.34999999999119635, 0.29999999996856497, 4.862376039914887e-12, 7.265814785396275e-11, 0.3499999999627184]","[0.3499998769190277, 0.2999998372408348, 2.4040452406211087e-07, 5.922126039184936e-08, 0.3499999862143532]",[0.2 0.2 0.2 0.2 0.2]
2024-04-19,"[0.3499999999749412, 0.11328908225339201, 4.2369795449655183e-11, 0.18671091776418852, 0.3499999999651086]","[0.2253264216284029, 0.3499705290483387, 8.905405206053116e-08, 0.07470328780649521, 0.3499996724627111]","[0.3499999999957104, 0.29999999999110427, 1.4753865383292918e-12, 1.5961287665078482e-11, 0.3499999999957487]","[0.3499996425143212, 0.2999997944583821, 6.56927782542772e-07, 1.5743824949619618e-07, 0.34999974866126465]",[0.2 0.2 0.2 0.2 0.2]
2024-04-26,"[0.3499999999214948, 0.3000000001142526, 7.400123077035841e-12, 2.386438382438244e-11, 0.34999999993298825]","[0.34999824289111797, 0.30000455843009594, 3.972400773318188e-07, 2.634984840384973e-07, 0.3499965379402247]","[0.34999999999965226, 0.3000000000989155, 1.823177164621885e-13, 6.31856595351642e-13, 0.3499999999006185]","[0.34999856517017014, 0.30000062236573244, 1.0872824699007037e-06, 5.40785714478958e-07, 0.3499991843959132]",[0.2 0.2 0.2 0.2 0.2]
2024-05-03,"[0.34999999999945636, 0.34999999966101153, 3.818853953173024e-13, 1.2975777328929236e-12, 0.3000000003378526]","[0.3499993830804359, 0.31498942626886295, 0.010496778811072513, 2.3189345231060734e-06, 0.3245120929051057]","[0.34999999999981407, 0.30000000000043126, 1.2664589615339177e-13, 7.8158340611921e-13, 0.3499999999988465]","[0.34999964015130086, 0.30000080077941527, 1.7739239235050445e-07, 1.316504752069992e-07, 0.34999925002641646]",[0.2 0.2 0.2 0.2 0.2]
2024-05-10,"[0.3499999999974323, 0.13472477053803203, 2.245512683114655e-12, 0.16527522946683956, 0.3499999999954507]","[0.21968890170977265, 0.3499922807211996, 6.164689193743844e-08, 0.0803189478541712, 0.34999980806796466]","[0.34999999999002945, 0.29999999997832205, 1.4669836733713066e-12, 3.782460217879243e-11, 0.34999999999235687]","[0.34999965043599024, 0.2999997762772419, 6.547839510338308e-07, 1.2472004161114635e-07, 0.3499997937827755]",[0.2 0.2 0.2 0.2 0.2]
2024-05-17,"[0.349999999997553, 0.30000000000917343, 1.9891310190089748e-13, 1.9621317860192313e-12, 0.34999999999111275]","[0.3499954630247763, 0.29999648669876766, 7.2212985792971805e-06, 1.726940188671895e-06, 0.3499991020376881]","[0.34999999999754533, 0.30000000006701616, 2.425485770177341e-12, 1.8069444202455422e-11, 0.34999999991494357]","[0.34999773266067163, 0.30000211092539764, 1.7567437406958027e-06, 1.0360836576609436e-06, 0.34999736358653255]",[0.2 0.2 0.2 0.2 0.2]
2024-05-24,"[0.3499999999890841, 0.30000000001164534, 2.118940949120521e-12, 1.6873521886154857e-11, 0.3499999999802781]","[0.34999848105598086, 0.3000025317962956, 6.800235298712591e-07, 2.2984097385725762e-07, 0.34999807728321997]","[0.34999999999776926, 0.3000000000084973, 1.9020477936832076e-13, 2.5659538515114054e-12, 0.3499999999909774]","[0.34999933239077247, 0.3000000884164022, 9.297484996689545e-07, 2.269476658144343e-07, 0.34999942249665994]",[0.2 0.2 0.2 0.2 0.2]
2024-05-31,"[0.3499999999963951, 0.15916815078180976, 2.2726444373783726e-12, 0.1408318492252245, 0.3499999999942982]","[0.2626335109384777, 0.34999916807441656, 2.433468727378347e-07, 0.03736720602796448, 0.3499998716122685]","[0.3499999999994341, 0.299999999350984, 7.785556414642084e-13, 6.500088667637417e-10, 0.3499999999987948]","[0.3499996699515676, 0.3000003898348433, 1.6126617972600075e-07, 8.64697152030291e-08, 0.3499996924776944]",[0.2 0.2 0.2 0.2 0.2]
2024-06-07,"[0.3499999999991651, 0.06202236346917111, 1.7343996596370297e-13, 0.23797763653202153, 0.34999999999946885]","[0.19529184660622784, 0.3499996794834355, 1.4326480720135224e-08, 0.10470848351431315, 0.3499999760695427]","[0.34999999999724957, 0.16757785104614378, 3.3314178308673564e-12, 0.132422148976076, 0.34999999997719927]","[0.24232382267336638, 0.3499594898187123, 1.675883502209243e-06, 0.05771610796643903, 0.34999890365798003]",[0.2 0.2 0.2 0.2 0.2]
2024-06-14,"[0.3499999999951399, 0.06202236360098631, 3.1475921228400347e-12, 0.23797763640642536, 0.34999999999430087]","[0.1897503313759063, 0.3499994393402264, 6.106333134524701e-09, 0.11025024173766196, 0.34999998143987227]","[0.3499999999985766, 0.16757785004723388, 1.9820871864250506e-12, 0.13242214995784513, 0.34999999999436243]","[0.28426028751416876, 0.34999934583072984, 1.4235833823136096e-06, 0.015739324737579892, 0.34999961833413923]",[0.2 0.2 0.2 0.2 0.2]
2024-06-21,"[0.3499999999898222, 0.29999999998560395, 1.5300595249547421e-12, 2.765760049315091e-11, 0.3499999999953863]","[0.34999987361177404, 0.30000001781697877, 1.280381697092281e-07, 3.343363935788343e-08, 0.3499999470994383]","[0.3499999999964754, 0.1154719676003873, 4.58802963304247e-12, 0.1845280324061245, 0.3499999999924249]","[0.25836313150953105, 0.3499999719539877, 2.1900578480820132e-08, 0.041636879299368774, 0.3499999953365341]",[0.2 0.2 0.2 0.2 0.2]
2024-06-28,"[0.3499999999507247, 0.3000000000875309, 1.659038845027942e-11, 5.432117108642123e-11, 0.34999999989083325]","[0.3499998828607791, 0.30000010496142365, 7.936914034578915e-08, 3.308575984933213e-08, 0.349999899722897]","[0.34999999999740017, 0.11328908958321109, 2.317967668801315e-12, 0.18671091042254154, 0.3499999999945293]","[0.23328502096737927, 0.3499997976498991, 4.4129551438869354e-08, 0.0667151592102461, 0.3499999780429241]",[0.2 0.2 0.2 0.2 0.2]
2024-07-05,"[0.349999999995559, 0.2999999999926032, 3.394484251750135e-12, 1.7868017811533494e-11, 0.34999999999057546]","[0.3499982161005698, 0.3000028396134665, 5.053202884764213e-07, 2.8648390055615645e-07, 0.34999815248177474]","[0.3499999999951259, 0.2999999999756564, 4.3770226874827994e-13, 2.998986415557501e-11, 0.3499999999987902]","[0.349999772058726, 0.29999984357770854, 4.3321868724417563e-07, 5.153391588447853e-08, 0.34999989961096223]",[0.2 0.2 0.2 0.2 0.2]
2024-07-12,"[0.34999999999316106, 0.1591681504605651, 1.7689436962715854e-12, 0.1408318495519059, 0.34999999999259906]","[0.24835491240140395, 0.34999963144032203, 3.1111236754698384e-08, 0.05164544388335257, 0.3499999811636848]","[0.3499999999919466, 0.1347247701409549, 2.9243775501476807e-12, 0.16527522987118148, 0.3499999999929927]","[0.22664466994936688, 0.3499998214867589, 1.9625102357266438e-08, 0.07335549801498228, 0.34999999092378975]",[0.2 0.2 0.2 0.2 0.2]
2024-07-19,"[0.3499999999983757, 0.3000000000057164, 9.76738301480795e-13, 3.794435967469432e-12, 0.34999999999113685]","[0.3499994576346855, 0.30000013169450257, 7.964509410908245e-07, 1.0845944073167214e-07, 0.34999950576043004]","[0.34999999999901743, 0.2999999999474425, 8.280070293377274e-13, 5.6690169508917134e-11, 0.3499999999960221]","[0.3499919725168118, 0.3000152602646245, 1.9842150469982975e-06, 1.0835236698853708e-06, 0.34998969947984704]",[0.2 0.2 0.2 0.2 0.2]
2024-07-26,"[0.34999999997870734, 0.29999999988327586, 3.2668396047768756e-12, 1.4958430783797744e-10, 0.3499999999851658]","[0.34999736859211766, 0.30000236526829277, 2.622429809080102e-06, 2.789149961848042e-07, 0.34999736479478416]","[0.3499999999956241, 0.3000000000031587, 2.7885968395015314e-12, 2.103516126240635e-11, 0.34999999997739367]","[0.34999953530437, 0.3000004348074581, 2.955383443140387e-07, 6.724855732131781e-08, 0.34999966710127034]",[0.2 0.2 0.2 0.2 0.2]
2024-08-02,"[0.34999999999987236, 0.30000000000136695, 2.511755987257386e-13, 7.298089504656532e-13, 0.34999999999777986]","[0.3499984051643888, 0.3000032346975319, 4.987522738996854e-07, 2.288057141090301e-07, 0.34999763258009137]","[0.34999999999799, 0.2999999999853289, 2.2220342240431382e-12, 2.1182813399668246e-11, 0.34999999999327636]","[0.3499996280267427, 0.30000023530868464, 2.893721142741876e-07, 9.520241248947042e-08, 0.3499997520900459]",[0.2 0.2 0.2 0.2 0.2]
2024-08-09,"[0.3499999999984995, 0.30000000000278526, 1.8287741109953028e-12, 6.19228064287963e-12, 0.34999999999069425]","[0.34999817343715117, 0.3000007696905699, 9.341562968121059e-07, 8.143774204602023e-07, 0.34999930833856163]","[0.3499999999921459, 0.3000000007770574, 3.780725600711262e-12, 1.3863128917750696e-11, 0.349999999213153]","[0.34999931858730016, 0.3000007298303545, 1.92537777387264e-07, 8.831084135831465e-08, 0.34999967073372673]",[0.2 0.2 0.2 0.2 0.2]
2024-08-16,"[0.349999999999677, 0.29999999999481536, 4.665667799965195e-13, 5.869774971440235e-12, 0.34999999999917136]","[0.34999371483796005, 0.3000038362227356, 1.9849379383028202e-06, 1.8645938624301376e-06, 0.34999859940750394]","[0.34999999999991066, 0.3000000000002574, 8.838495034513033e-14, 5.128722632511525e-13, 0.34999999999923087]","[0.3499997537519093, 0.30000002931349334, 2.7891432247135516e-07, 5.7299441088468145e-08, 0.3499998807208338]",[0.2 0.2 0.2 0.2 0.2]
2024-08-23,"[0.3499999999977085, 0.29999999999140003, 2.0196523899874233e-12, 1.616743953290161e-11, 0.3499999999927046]","[0.34999969374316864, 0.3000003229558912, 2.3064736556733593e-07, 5.595872153927373e-08, 0.34999969669485315]","[0.34999999999171255, 0.2999999999323831, 1.8320125858136803e-12, 8.220449499719136e-11, 0.34999999999186776]","[0.34999966173089386, 0.29999974053723366, 6.834149902018958e-07, 9.176149891930978e-08, 0.3499998225553836]",[0.2 0.2 0.2 0.2 0.2]
2024-08-30,"[0.349999999995158, 0.1347247722486019, 3.581770216563118e-12, 0.16527522775707235, 0.3499999999955861]","[0.25477829639211363, 0.34999988598150444, 2.1979642507591174e-06, 0.045219652732165966, 0.34999996692996516]","[0.34999999998165965, 0.15916815132988707, 1.689704593887817e-11, 0.14083184870632007, 0.3499999999652363]","[0.25929685326208496, 0.3499999668935309, 2.0315471751748535e-08, 0.04070316317461191, 0.34999999635430057]",[0.2 0.2 0.2 0.2 0.2]
2024-09-06,"[0.3499999999922624, 0.30000000000126176, 2.4687807867387902e-12, 1.8706259894202374e-11, 0.34999999998530096]","[0.3499997022595269, 0.30000044739039916, 1.32295062126036e-07, 2.740860964273506e-08, 0.3499996906464022]","[0.34999999999871884, 0.29999999998201343, 1.2169080246433107e-12, 2.15568635675593e-11, 0.3499999999964939]","[0.34999983634221216, 0.29999983689008725, 3.1458874366776473e-07, 4.2000626554133236e-08, 0.3499999701783304]",[0.2 0.2 0.2 0.2 0.2]
2024-09-13,"[0.34999999999957443, 0.29999999985807835, 6.462025741039589e-13, 1.4366419609055853e-10, 0.3499999999980367]","[0.34999930429942916, 0.30000010432955215, 7.743950104795489e-07, 3.482066467463547e-07, 0.349999468769362]","[0.34999999999079306, 0.29999999997981025, 6.016455497229232e-12, 9.440983154875065e-11, 0.34999999992897063]","[0.349997728454954, 0.29999619290732793, 3.356180367578231e-06, 3.7038871764247204e-06, 0.34999901857017407]",[0.2 0.2 0.2 0.2 0.2]
2024-09-20,"[0.3499999999983096, 0.3499999997337972, 1.025101245634278e-12, 2.1072754788409143e-12, 0.3000000002647608]","[0.34999981788962603, 0.3499980014524318, 1.6749134316216216e-06, 4.551875443307191e-08, 0.3000004602257562]","[0.34999999998934617, 0.300000000099269, 1.0389738432176077e-11, 8.512410950544034e-11, 0.34999999981587154]","[0.3499959030030678, 0.30000353589406004, 2.8849379832024467e-06, 2.340602555886386e-06, 0.349995335562333]",[0.2 0.2 0.2 0.2 0.2]
2024-09-27,"[0.34999999999899106, 0.30000000000414156, 7.200380302837472e-13, 3.0449945779748244e-12, 0.3499999999931025]","[0.3499999056638193, 0.30000008180396165, 5.220375773920624e-08, 3.477902157207378e-08, 0.34999992554944]","[0.34999999998633036, 0.29999999862889903, 4.1408622616269e-12, 1.396883040826494e-09, 0.34999999998374687]","[0.3499997727600202, 0.3000000956545177, 2.142453759415154e-07, 5.4063159957590176e-08, 0.3499998632769264]",[0.2 0.2 0.2 0.2 0.2]
2024-10-04,"[0.34999999999727943, 0.3499999998369034, 1.163875985096775e-12, 2.7510004085821674e-12, 0.3000000001619025]","[0.3499930448329026, 0.28594435074011854, 0.014071148009471955, 1.8894445749593758e-06, 0.34998956697293204]","[0.34999999999868286, 0.30000000000012783, 2.502440345929662e-13, 1.8150394972109605e-12, 0.3499999999991241]","[0.3499994390774144, 0.3000004565819206, 4.769362043175096e-07, 1.2209133558239803e-08, 0.349999615195327]",[0.2 0.2 0.2 0.2 0.2]
2024-10-11,"[0.3499999999996203, 0.16757784999991882, 1.5462839554991414e-13, 0.132422150001011, 0.3499999999992954]","[0.2608909217825843, 0.34999988126990234, 2.22360543639178e-08, 0.03910918183609766, 0.3499999928753613]","[0.3499999999814521, 0.2678947536025532, 1.1864169985158158e-11, 0.032105246441507564, 0.3499999999626231]","[0.3428913726027203, 0.3071085335637225, 6.231812451103741e-08, 9.658378780214243e-08, 0.34999993493164505]",[0.2 0.2 0.2 0.2 0.2]
2024-10-18,"[0.3499999999998051, 0.34999999990136166, 1.1272449204257421e-13, 5.120033081049857e-13, 0.3000000000982083]","[0.34999993758519493, 0.3499981069834919, 1.0741861125536517e-06, 4.471910850020721e-08, 0.3000008365260922]","[0.3499999999997948, 0.16757785003186712, 1.2289558102034266e-13, 0.13242214996898, 0.34999999999923526]","[0.32182653302446557, 0.32817567216117344, 6.742662708003672e-07, 2.988162059657886e-06, 0.3499941323860306]",[0.2 0.2 0.2 0.2 0.2]
2024-10-25,"[0.34999999998626774, 0.30000000006574173, 5.550770422706702e-12, 2.944560900703644e-11, 0.34999999991299435]","[0.34999970586488716, 0.30000015231559407, 3.013565012441555e-07, 8.216919890106995e-08, 0.34999975829381863]","[0.3499999999969881, 0.2999999999999216, 5.612644501981685e-13, 4.177956535272353e-12, 0.3499999999983511]","[0.3499995159642084, 0.30000081056661104, 1.796194093305432e-07, 6.62409581108361e-08, 0.34999942760881314]",[0.2 0.2 0.2 0.2 0.2]
2024-11-01,"[0.34999999998700976, 0.2678945247536613, 7.357542226147589e-12, 0.03210547529010876, 0.34999999996186265]","[0.31446450043234825, 0.3355354718380787, 5.2725061396658164e-08, 7.274598550487054e-08, 0.3499999022585261]","[0.3499999999958623, 0.349999999886527, 3.1494961030152184e-12, 7.089575009316651e-12, 0.30000000010737166]","[0.3499997833797081, 0.3499967543228115, 1.7847309982608282e-06, 1.0245376388175944e-07, 0.3000015751127184]",[0.2 0.2 0.2 0.2 0.2]
2024-11-08,"[0.3499999999992279, 0.1675778509276331, 5.847802517703946e-13, 0.1324221490744724, 0.3499999999980818]","[0.2135526961127223, 0.3499969820313346, 4.503437112734604e-08, 0.08645030862781689, 0.34999996819375506]","[0.34999999999690135, 0.17882170554503457, 1.2200610021043075e-11, 0.12117829445285586, 0.34999999999300785]","[0.28072693481153405, 0.3499999195471461, 2.9123043489346672e-08, 0.019273127677233975, 0.3499999888410424]",[0.2 0.2 0.2 0.2 0.2]
2024-11-15,"[0.3499999999987174, 0.3000000000051626, 1.2143762210270317e-12, 1.4789485597578885e-14, 0.3499999999948909]","[0.34999956812666305, 0.30000045502439426, 3.0366857058223083e-07, 4.8992751100506816e-08, 0.34999962418762104]","[0.34999999999612674, 0.3499999999308005, 1.9557461218930513e-12, 5.371951483445383e-12, 0.300000000065745]","[0.34999965217454565, 0.3499980561525742, 1.8374542721380822e-06, 4.845328469681163e-08, 0.30000040576532344]",[0.2 0.2 0.2 0.2 0.2]
2024-11-22,"[0.34999999998537246, 0.30000000008603417, 1.2957136719451746e-11, 5.232897776112597e-11, 0.34999999986330754]","[0.349999397674006, 0.300000809382433, 1.636519241344258e-07, 5.568007595507513e-08, 0.3499995736115611]","[0.34999999999927844, 0.29999999958446155, 3.542363504387419e-13, 4.1778583828098307e-10, 0.3499999999981203]","[0.3499992800275469, 0.3000006875811945, 5.282578150273227e-07, 4.3283275099521767e-07, 0.34999907130069263]",[0.2 0.2 0.2 0.2 0.2]
2024-11-29,"[0.3499999999954265, 0.2999999999533491, 3.675778806588762e-12, 5.501051573471312e-11, 0.3499999999925382]","[0.349999160716068, 0.3000011816761789, 5.2723605284818884e-08, 6.625516176496808e-08, 0.34999953862898625]","[0.34999999999834497, 0.2999999999758935, 9.855008371200612e-13, 2.8316774421498642e-11, 0.3499999999964593]","[0.3499950528869295, 0.3000069478675633, 8.126616239149245e-07, 3.7434103018632113e-07, 0.34999681224285323]",[0.2 0.2 0.2 0.2 0.2]
2024-12-06,"[0.34999999999951736, 0.2999999999949441, 6.668751119668176e-13, 6.732286316161714e-12, 0.3499999999981394]","[0.3499534601387651, 0.30007423553874835, 1.3486856512804378e-06, 8.998454578685771e-07, 0.3499700557913775]","[0.3499999999996035, 0.30000000000181587, 2.9666681804687585e-13, 1.98270142465377e-12, 0.34999999999630127]","[0.3499968812907856, 0.3000052134374594, 4.5047889923155834e-07, 3.012748373324545e-07, 0.3499971535180186]",[0.2 0.2 0.2 0.2 0.2]
2024-12-13,"[0.3499999999951425, 0.30000000000524335, 7.616877640442731e-13, 4.479915311479769e-12, 0.3499999999943728]","[0.3499803760855196, 0.3000314637468064, 5.173590176775448e-07, 3.6527444372123464e-07, 0.34998727753421277]","[0.34999999999802184, 0.1920682766466343, 4.280829776006655e-12, 0.10793172335962303, 0.34999999999144]","[0.251404085623201, 0.3499996521005995, 1.6188400940125819e-06, 0.04859468765786439, 0.34999995577824106]",[0.2 0.2 0.2 0.2 0.2]
2024-12-20,"[0.3499999999338388, 0.3000000003617309, 7.253674432519112e-12, 2.093546973262295e-11, 0.3499999996762413]","[0.3494142310362995, 0.30097528517549793, 1.2381929707644148e-06, 1.0296506749656447e-06, 0.34960821594455693]","[0.3499999999996773, 0.17256852523055935, 9.93598377965066e-13, 0.1274314747702587, 0.3499999999985113]","[0.2727713681736243, 0.34999912671406913, 8.086932885658879e-05, 0.0271490966868449, 0.34999953909660525]",[0.2 0.2 0.2 0.2 0.2]
2024-12-27,"[0.34999999998716785, 0.34999999971814066, 6.965499076294778e-12, 2.2027105077146518e-11, 0.3000000002656994]","[0.34999982574374494, 0.34999970800937397, 5.567053412477725e-07, 5.996543939968945e-09, 0.299999903544996]","[0.3499999999992511, 0.30000000001016164, 1.2299967344166432e-13, 6.121159395408843e-13, 0.3499999999898522]","[0.34999899979880567, 0.30000178213968803, 1.2278680131505474e-07, 9.007208399069221e-08, 0.34999900520262084]",[0.2 0.2 0.2 0.2 0.2]
2025-01-03,"[0.34999999999832176, 0.2999999999954573, 2.149458576762418e-12, 1.1309113232091841e-11, 0.34999999999276254]","[0.3498238934834717, 0.300199305994351, 4.79033107954426e-07, 6.58566926796889e-07, 0.34997566292214227]","[0.3499999999984518, 0.062022364097879576, 1.4034332273824383e-12, 0.23797763590509277, 0.3499999999971726]","[0.15411220134172127, 0.34999267263869716, 9.73515229141566e-06, 0.14588561038315642, 0.3499997804841338]",[0.2 0.2 0.2 0.2 0.2]
2025-01-10,"[0.3499999999988884, 0.29999999999899307, 6.332390078912092e-13, 5.8655056747150315e-12, 0.3499999999956198]","[0.34999934926739745, 0.3000009141037422, 8.621961944641525e-08, 7.45647210436035e-08, 0.34999957584451985]","[0.34999999999863396, 0.30000000000012456, 3.5545124304232076e-13, 2.8086448762020457e-12, 0.34999999999807746]","[0.3499915449180161, 0.30001221266906564, 1.127335089151578e-06, 5.512391634602394e-07, 0.3499945638386656]",[0.2 0.2 0.2 0.2 0.2]
2025-01-17,"[0.3499999999976, 0.3000000000101307, 5.190583451769751e-13, 2.022791578315154e-12, 0.3499999999897276]","[0.3499997372496063, 0.3000003471913286, 2.836117755836092e-08, 2.5505390976882474e-08, 0.34999986169249653]","[0.3499999999234558, 0.30000000009272276, 8.63384501470585e-12, 4.7586726767679467e-11, 0.34999999992760117]","[0.34999447627055524, 0.30000837042855116, 3.8534247496002673e-07, 2.525314682549391e-07, 0.3499965154269505]",[0.2 0.2 0.2 0.2 0.2]
2025-01-24,"[0.34999999998554326, 0.062022365218874, 6.3785181838792095e-12, 0.23797763481130027, 0.34999999997790415]","[0.1620852737682543, 0.34989995549227626, 1.432228758184286e-07, 0.13801527929351906, 0.3499993482230746]","[0.3499999999997965, 0.16757784997573733, 1.331003658795476e-13, 0.13242215002559016, 0.3499999999987431]","[0.22220842058209667, 0.33674247777259086, 1.207268645018121e-07, 0.09104911008210867, 0.3499998708363394]",[0.2 0.2 0.2 0.2 0.2]
2025-01-31,"[0.3499999999919042, 0.1675778495415946, 6.77775141282914e-12, 0.1324221504900235, 0.34999999996970016]","[0.24814861692823004, 0.3499974079121712, 1.595928234962065e-05, 0.05183961954597643, 0.34999839633127294]","[0.3499999999979357, 0.04892959295893383, 0.04820658734111759, 0.20286381970242862, 0.3499999999995845]","[0.17385349256652496, 0.33897042904851876, 7.449873297545942e-06, 0.13716888662297186, 0.34999974188868704]",[0.2 0.2 0.2 0.2 0.2]
2025-02-07,"[0.34999999999580544, 0.29999999987330056, 2.169173530850187e-12, 1.343556739437667e-10, 0.34999999999436926]","[0.34999847356431624, 0.30000275666899423, 2.8333205573430374e-07, 2.654019796639374e-07, 0.3499982210326541]","[0.34999999997505, 0.3000000000105304, 1.1200199346952639e-11, 6.901618426750558e-11, 0.3499999999342033]","[0.3499936821839536, 0.30001136571088227, 8.445328548976676e-07, 3.721257568553257e-07, 0.3499937354465523]",[0.2 0.2 0.2 0.2 0.2]
2025-02-14,"[0.3499999999996875, 0.11328908874855095, 2.5623999412340735e-13, 0.18671091125292488, 0.3499999999985806]","[0.21340329940739924, 0.349998466156946, 6.891445602046235e-08, 0.08659818580445737, 0.3499999797167452]","[0.3499999999970919, 0.11328908862282981, 2.907501298333798e-12, 0.1867109113846028, 0.34999999999256814]","[0.19709382717976962, 0.3499803131755023, 1.4780756391019654e-07, 0.10292580224014711, 0.34999990959701716]",[0.2 0.2 0.2 0.2 0.2]
2025-02-21,"[0.34999999999671255, 0.11328909025334552, 2.8073182157668327e-12, 0.18671090975313157, 0.34999999999400305]","[0.217482638134333, 0.2793606850157915, 5.2008955308145635e-09, 0.1531566985869436, 0.34999997306203656]","[0.34999999999932113, 0.349999999998386, 2.329976642005924e-13, 4.2474616924754424e-12, 0.2999999999978125]","[0.34999987096818014, 0.3499993793796096, 7.842513698508765e-07, 1.0560064523302367e-08, 0.29999995484077596]",[0.2 0.2 0.2 0.2 0.2]
2025-02-28,"[0.34999999996926245, 0.11328911652491332, 6.523241596963355e-12, 0.18671088352171997, 0.34999999997758124]","[0.17573481322034676, 0.34985004357775207, 4.3183494025893416e-08, 0.12441514186387657, 0.34999995815453067]","[0.34999999998878145, 0.3376286063117926, 3.2379773753637866e-12, 1.806290781884014e-11, 0.3123713936781251]","[0.3499963282699965, 0.3376345702734137, 6.640485357310482e-07, 3.479337612347076e-07, 0.3123680894742929]",[0.2 0.2 0.2 0.2 0.2]
2025-03-07,"[0.3499999999929307, 0.34999999999567366, 2.0642046322207976e-13, 1.1067396173455283e-12, 0.30000000001008265]","[0.34999929717589057, 0.3499957578513631, 2.925272251347127e-06, 1.647202914687919e-07, 0.3000018549802036]","[0.3499999999972523, 0.34999999999693276, 1.0019530127429379e-13, 1.3801693123546103e-12, 0.30000000000433447]","[0.3499996326662009, 0.3476158965124339, 0.0006586146303005132, 2.4899124736651145e-07, 0.30172560719981756]",[0.2 0.2 0.2 0.2 0.2]
2025-03-14,"[0.3499999999998197, 0.34999999999808173, 9.996639759726523e-14, 1.1754925685564871e-12, 0.30000000000082333]","[0.3499991596492281, 0.34999162894329355, 3.4838846322413527e-06, 1.1901206940949021e-07, 0.3000056085107767]","[0.3499999999995391, 0.34999999999312514, 1.3718615202089182e-13, 7.264883774821354e-13, 0.30000000000647226]","[0.3499996857411027, 0.34999876655485257, 1.8226072922331743e-06, 5.309311521235684e-08, 0.2999996720036437]",[0.2 0.2 0.2 0.2 0.2]
2025-03-21,"[0.34999999999327697, 0.31537128625860916, 1.9925555956893627e-12, 4.222374907504532e-12, 0.33462871374189906]","[0.3462252729209182, 0.3037751623219163, 7.54956635573222e-08, 1.4581374072745592e-07, 0.34999934344776146]","[0.34999999999834286, 0.3499999999929074, 4.3746023711016703e-13, 2.730262992559029e-12, 0.3000000000055822]","[0.3499998867797111, 0.2985146516289492, 0.0014892629114631112, 3.928143096293209e-08, 0.3499961593984455]",[0.2 0.2 0.2 0.2 0.2]
2025-03-28,"[0.3499999999971535, 0.34999999987913094, 1.7383867676911936e-12, 1.3058284336273914e-10, 0.2999999999913946]","[0.34999986459660726, 0.34402071003421336, 0.0012982906697734922, 2.3960008265579883e-07, 0.3046808950993232]","[0.3499999999986933, 0.34999999999754805, 9.745079438084431e-13, 3.9080628336299356e-12, 0.2999999999988761]","[0.34999997163356483, 0.3499997520638354, 1.7138357254264446e-07, 8.292091872366222e-09, 0.3000000966269355]",[0.2 0.2 0.2 0.2 0.2]
2025-04-04,"[0.3499999999976535, 0.3499999999959481, 6.467671630362027e-13, 8.107305879814493e-12, 0.29999999999764426]","[0.34999966533192134, 0.34991492560154003, 1.837611837383056e-05, 3.538012428288644e-07, 0.300066679146922]","[0.3499999999919805, 0.3376286060326772, 1.4235651876795705e-12, 8.340143482494179e-12, 0.3123713939655786]","[0.3499998626650774, 0.2925230286212673, 0.007603791474279745, 1.90521276983234e-07, 0.34987312671809884]",[0.2 0.2 0.2 0.2 0.2]
2025-04-11,"[0.3499999999814794, 0.349999997257172, 1.106860253272798e-11, 6.253761426898698e-11, 0.3000000026877426]","[0.3499999570481926, 0.2976570689987469, 0.0023432259851509742, 6.097996769667979e-08, 0.349999686987942]","[0.34999999999931775, 0.3499999999948446, 3.483136259745412e-13, 1.0754197267592174e-12, 0.30000000000441385]","[0.3499996410874522, 0.3499969030406192, 1.9587625116175622e-06, 1.3947608044297745e-07, 0.3000013576333365]",[0.2 0.2 0.2 0.2 0.2]
2025-04-18,"[0.34999999999974524, 0.3499999999987236, 4.403985314943144e-13, 1.4948224846227125e-12, 0.2999999999995958]","[0.34999763496544584, 0.34970196015709676, 0.0001215862575252806, 4.6478420107914644e-07, 0.3001783538357313]","[0.3499999999942825, 0.3499999999784459, 5.691390554243116e-12, 3.290530999204794e-11, 0.29999999998867505]","[0.34999981594684565, 0.31502289704565173, 0.009030647386667444, 4.5642915006999923e-07, 0.3259461831916851]",[0.2 0.2 0.2 0.2 0.2]
2025-04-25,"[0.3499999999998768, 0.34999999999920284, 1.4488861309648152e-13, 6.290865537742645e-13, 0.3000000000001466]","[0.34999822510656475, 0.34919827254816166, 0.00017051128772339465, 3.8579145888236154e-07, 0.30063260526609126]","[0.3499999999981967, 0.3499999999860574, 2.296020148628605e-12, 1.7395129166102615e-11, 0.29999999999605464]","[0.34999915464348497, 0.34999688585680155, 2.816257588647513e-06, 3.863387602415525e-08, 0.30000110460824886]",[0.2 0.2 0.2 0.2 0.2]
2025-05-02,"[0.349999999998838, 0.3499999999927171, 5.837111188254931e-13, 8.324163219423227e-13, 0.30000000000702876]","[0.34999957612108085, 0.34061494009631355, 0.0023526997800348962, 1.7736905250786797e-07, 0.3070326066335182]","[0.3499999999980024, 0.34999999999332854, 5.505242907463594e-12, 1.4198171066505652e-11, 0.29999999998896576]","[0.3499999420758587, 0.3499995314571089, 3.0955759001980894e-07, 3.962433034806333e-08, 0.3000001772851121]",[0.2 0.2 0.2 0.2 0.2]
2025-05-09,"[0.34999999999929754, 0.3499999999978551, 6.678342712837051e-13, 5.983697797086077e-12, 0.2999999999961959]","[0.3499990208653207, 0.3003657290376532, 0.0033537354937548587, 1.1867473954542467e-06, 0.3462803278558761]","[0.34999999999975984, 0.3499999999977559, 4.2906665653278015e-13, 1.4117958723765617e-12, 0.3000000000006435]","[0.34999963730758626, 0.3394626009092022, 0.002323607920606002, 2.8371168181233403e-07, 0.30821387015092383]",[0.2 0.2 0.2 0.2 0.2]
2025-05-16,"[0.349999999999306, 0.3499999999969332, 1.259345844502453e-13, 5.054974058399043e-13, 0.30000000000312954]","[0.34999986590121135, 0.3499976995970718, 1.236139741869176e-06, 5.206031071797058e-08, 0.300001146301657]","[0.34999999995426745, 0.3499999999622247, 1.0679927384145137e-11, 3.5271637227331475e-11, 0.30000000003755645]","[0.349999938002705, 0.3499980780627833, 9.280205794208451e-07, 1.4009117684980795e-08, 0.3000010419048147]",[0.2 0.2 0.2 0.2 0.2]
2025-05-23,"[0.34999999999965026, 0.3499999999977766, 1.9262255385036227e-13, 8.581817423192056e-13, 0.3000000000015223]","[0.349999445215057, 0.3499977568020146, 2.1070357924109394e-06, 2.541722851092719e-08, 0.30000066552990756]","[0.349999999999713, 0.34999999999711795, 1.9569716254760488e-13, 2.0132756764287094e-12, 0.30000000000095994]","[0.3499997228112433, 0.3370537415483197, 0.0027376054574522173, 2.387768640855765e-07, 0.31020869140612073]",[0.2 0.2 0.2 0.2 0.2]
2025-05-30,"[0.3499999999984285, 0.3499999999968671, 1.2376233062465473e-12, 4.792427417396018e-12, 0.2999999999986746]","[0.3499999658425868, 0.34999958012473853, 2.4114241096858525e-07, 3.901543970263111e-09, 0.3000002089887199]","[0.3499999999819726, 0.34999999983510316, 1.0171869445881235e-12, 6.925687243140093e-12, 0.30000000017498146]","[0.34999907426299826, 0.34999400128015684, 6.5740565424979186e-06, 9.332946486571802e-08, 0.30000025707084355]",[0.2 0.2 0.2 0.2 0.2]
2025-06-06,"[0.34999999999364, 0.3499999999689592, 5.411468527738616e-12, 2.4850493635646302e-11, 0.300000000007139]","[0.34611366933308246, 0.3038863363540999, 3.179672508568758e-08, 2.6861931933262427e-08, 0.34999993565416077]","[0.34999999970492446, 0.34999999950552624, 6.89343711753242e-12, 4.750392756822011e-11, 0.30000000073515215]","[0.3432506887221375, 0.3067494390538284, 9.87810415233517e-08, 1.4140791914463102e-07, 0.3499996320350735]",[0.2 0.2 0.2 0.2 0.2]
2025-06-13,"[0.349999999999869, 0.34999999987085917, 3.6230682134429405e-13, 3.608125184126773e-12, 0.30000000012530165]","[0.34999997125122045, 0.34999957606331406, 2.4490716845267006e-07, 9.356124787553183e-09, 0.30000019842217485]","[0.34999999999127235, 0.3000000000087101, 2.7568356775484e-13, 4.758600075813421e-12, 0.34999999999498327]","[0.3499991833828291, 0.30000051131252464, 8.070903019120899e-07, 1.504627716387091e-07, 0.3499993477515727]",[0.2 0.2 0.2 0.2 0.2]
2025-06-20,"[0.3499999999895208, 0.3499999999660743, 1.3556244584263122e-12, 9.341596493528574e-12, 0.3000000000337078]","[0.349999682175136, 0.34809999544627157, 0.00036815138691358103, 4.909080537282792e-07, 0.30153168008362496]","[0.3499999999953519, 0.3000000005812345, 1.3238107268440921e-12, 7.637109140369095e-12, 0.3499999994144529]","[0.3499963627244289, 0.3000077501485298, 1.7297029077172918e-06, 9.891993157703468e-07, 0.34999316822481324]",[0.2 0.2 0.2 0.2 0.2]
2025-06-27,"[0.34999999999808024, 0.3000000000048676, 3.4317990427536756e-13, 1.5310725828149853e-12, 0.349999999995178]","[0.3499983324239679, 0.3000024374140693, 1.7144302318947474e-07, 9.399449375380616e-08, 0.349998964724446]","[0.34999999986426084, 0.349999999528714, 5.892951108416018e-12, 3.896157222604976e-11, 0.300000000562171]","[0.34999995499868225, 0.3369931385038206, 0.0032436481662079897, 3.804197182745185e-08, 0.30976322028931735]",[0.2 0.2 0.2 0.2 0.2]
2025-07-04,"[0.3499999995858871, 0.30000000043426894, 2.8927852781419247e-12, 2.516942283201789e-11, 0.34999999995178216]","[0.34999373696811265, 0.3000168498410717, 7.174613654087599e-07, 3.908551080027506e-07, 0.349988304874344]","[0.3499999999802352, 0.3499999998388148, 8.020502149509807e-13, 6.905796307912725e-12, 0.3000000001732423]","[0.3499986310680365, 0.2952931100288203, 0.005285003835998062, 1.2876995818826537e-06, 0.34942196736756354]",[0.2 0.2 0.2 0.2 0.2]
2025-07-11,"[0.34999999999413695, 0.3000000000097752, 1.5892908993335063e-13, 3.9122254866635385e-13, 0.34999999999553755]","[0.34999953565507547, 0.29999992816618803, 3.7737461421248235e-07, 1.783507430751099e-07, 0.3499999804533792]","[0.3499999999955639, 0.30000000034102803, 7.056377822758914e-13, 4.56881027859393e-12, 0.3499999996581336]","[0.3499997910873172, 0.2999999174161722, 1.6443808319687075e-07, 1.4290147489886638e-07, 0.34999998415695227]",[0.2 0.2 0.2 0.2 0.2]
2025-07-18,"[0.3499999999985152, 0.3153712843275502, 6.067603601091549e-13, 1.0121090661105776e-12, 0.33462871567231584]","[0.34999983592558376, 0.29981665189566903, 0.002890298547554351, 9.406432133323395e-08, 0.3472931195668713]","[0.349999999999302, 0.3499999999943114, 2.4263233480195877e-13, 6.808271393344797e-13, 0.3000000000054631]","[0.34999931319340755, 0.2991267743417813, 0.006031867118921902, 1.6763368835336664e-07, 0.34484187771220076]",[0.2 0.2 0.2 0.2 0.2]
2025-07-25,"[0.3499999999980072, 0.3153712848347967, 2.1773164605765765e-13, 8.480835342722888e-13, 0.3346287151661304]","[0.34999866160942955, 0.3153729832940182, 1.043799497161747e-07, 4.154272333108172e-08, 0.33462820917387914]","[0.3000000017766321, 0.34999999822549743, 6.314543130867122e-13, 5.25300354221001e-11, 0.34999999994470926]","[0.2999999573520418, 0.3499998751878529, 3.2121918451497176e-08, 1.927722174020403e-07, 0.3499999425659695]",[0.2 0.2 0.2 0.2 0.2]
2025-08-01,"[0.34999999999403525, 0.3000000000163354, 4.159837337410537e-13, 4.7808833498549425e-12, 0.34999999998443243]","[0.3499930158295687, 0.3000037682340941, 3.6795126796106333e-06, 5.541277046837383e-07, 0.34999898229595316]","[0.34999999994343733, 0.3000000002818494, 9.342193448727688e-12, 2.5705625827603165e-11, 0.3499999997396656]","[0.3499965830661602, 0.30000251319294685, 1.9812558783247827e-06, 4.5397818872866437e-07, 0.3499984685068258]",[0.2 0.2 0.2 0.2 0.2]
2025-08-08,"[0.34999999993864467, 0.3000000000718445, 3.7973540396439897e-13, 1.966781328387739e-12, 0.34999999998716436]","[0.3499926562421826, 0.3000086921021315, 4.130950839709316e-06, 1.6255466610478011e-06, 0.34999289515818566]","[0.34999999991186936, 0.3153712849133253, 2.3749896451597352e-12, 1.3064682027729776e-11, 0.3346287151593658]","[0.3499398523531491, 0.2998417523630095, 0.00021757578033316063, 5.687558998530171e-06, 0.3499951319445094]",[0.2 0.2 0.2 0.2 0.2]
2025-08-15,"[0.34999999973359364, 0.3153712821418827, 6.083641547494798e-12, 2.7089944039230362e-11, 0.33462871809135025]","[0.34941136571296794, 0.30057739970567643, 1.355815430223353e-05, 1.6724335825774009e-06, 0.3499960039934711]","[0.3499999999791584, 0.34999999995552467, 6.134079192320813e-13, 2.2453447271222103e-12, 0.30000000006245814]","[0.34228853601354353, 0.3076369112561357, 7.4693018274308e-05, 5.182566381965953e-07, 0.34999934145540845]",[0.2 0.2 0.2 0.2 0.2]
2025-08-22,"[0.3499999999827554, 0.3000000000244555, 1.3269162520203541e-12, 9.201944522287786e-12, 0.3499999999822602]","[0.34999874151873506, 0.3000015691284469, 6.615038245538364e-08, 1.6855396176236793e-08, 0.3499996063470394]","[0.34999999999055464, 0.3499999900003785, 3.63455795019586e-12, 9.51254665689242e-12, 0.3000000099959199]","[0.3482307654412911, 0.301769071938409, 1.6329857269739123e-07, 5.405970320149626e-07, 0.3499994587246952]",[0.2 0.2 0.2 0.2 0.2]
2025-08-29,"[0.34999999996477865, 0.34999999999366765, 2.814144509594406e-13, 1.3026517069562108e-12, 0.3000000000399696]","[0.3499968604046744, 0.2933284104992099, 0.007706176904276063, 2.451599296672366e-07, 0.3489683070319099]","[0.34999999998784864, 0.30000000002038296, 1.4679004999894078e-13, 1.2131506211010728e-12, 0.3499999999904083]","[0.349985751083576, 0.30000801786428427, 1.0953216267642041e-05, 3.272630235046399e-07, 0.3499949505728491]",[0.2 0.2 0.2 0.2 0.2]
2025-09-05,"[0.3234990699224341, 0.34470050131012325, 7.913175179563549e-13, 3.169897809361338e-12, 0.3318004287634815]","[0.3307064583751709, 0.31929360236498766, 2.6337825772212883e-07, 2.2749389504248897e-07, 0.3499994483876888]","[0.3277320203089677, 0.32226797981812866, 1.0673179619052925e-12, 7.866227321777421e-12, 0.34999999986396985]","[0.32773171273070445, 0.32226846539418513, 2.3459122908105517e-07, 9.656945967641517e-08, 0.3499994907144216]",[0.2 0.2 0.2 0.2 0.2]
2025-09-12,"[0.3499999999979145, 0.29999999999942406, 2.5538793093942827e-13, 3.766774785886276e-12, 0.3499999999986393]","[0.3499887460771038, 0.3000261059374768, 1.4285196157934315e-06, 5.28286514206623e-07, 0.34998319117928955]","[0.26971800940011703, 0.3499999997302007, 2.8650641013674183e-12, 0.0302819909068408, 0.34999999995997644]","[0.2697192729067038, 0.34999797782900444, 4.5691349506087277e-07, 0.03028313376078793, 0.3499991585900151]",[0.2 0.2 0.2 0.2 0.2]
2025-09-19,"[0.34999999992056136, 0.27399527007068797, 1.146416002490692e-12, 0.026004730012505417, 0.34999999999509895]","[0.3059517558134625, 0.34404718932546363, 1.880998952997334e-06, 2.0701259576315993e-06, 0.3499971037361633]","[0.2999999999930698, 0.3499999999954596, 2.0858604059296506e-13, 1.2569588317196434e-11, 0.3499999999986924]","[0.3000001101520126, 0.3499997345062922, 5.6577743118363285e-08, 1.2724102682431612e-07, 0.34999997152292533]",[0.2 0.2 0.2 0.2 0.2]
2025-09-26,"[0.2999999996972657, 0.34999999984479113, 4.030360434904635e-11, 4.314945177084067e-10, 0.34999999998614534]","[0.29999804068636093, 0.3499893412994618, 8.427308298560472e-06, 6.547394617280035e-06, 0.3499976433112624]","[0.18670130716724806, 0.3499999999692782, 0.023244665022550893, 0.09005402784636003, 0.349999999994563]","[0.2224522973985167, 0.34999755390457166, 9.363504276195252e-08, 0.07755059181048664, 0.34999946325138387]",[0.2 0.2 0.2 0.2 0.2]
2025-10-03,"[0.2999999994687258, 0.34999999977140045, 1.1653297669596796e-11, 7.943911157718729e-10, 0.3499999999538294]","[0.30000331184042, 0.3499946491727916, 4.2384162892110983e-07, 2.033098094218826e-06, 0.34999958204707715]","[0.23879252163271453, 0.3499999999762913, 0.002594502311475025, 0.0586129760943091, 0.3499999999852101]","[0.24119087392202476, 0.34999982306042465, 1.9978700860313557e-07, 0.05880918592132846, 0.34999991730922453]",[0.2 0.2 0.2 0.2 0.2]
2025-10-10,"[0.3000000000004362, 0.3499999999986689, 2.182242548264453e-13, 1.1843103490378963e-12, 0.34999999999949255]","[0.29999991199615744, 0.34999967518849545, 1.545027544691134e-07, 2.8378267610224284e-07, 0.34999997452991666]","[0.34999999914636604, 0.30000000084311584, 3.85246620084316e-12, 2.5852810974713416e-11, 0.3499999999808129]","[0.3437118709483133, 0.31252669583954223, 4.893879479201632e-07, 2.3457408472754834e-07, 0.3437607092501119]",[0.2 0.2 0.2 0.2 0.2]
2025-10-17,"[0.26971800836993115, 0.3499999999190061, 1.6518211801883575e-12, 0.03028199171469011, 0.34999999999472076]","[0.26976254371056735, 0.3499518972076424, 4.1525293284940534e-07, 0.030286875347553286, 0.3499982684813023]","[0.3499999965457858, 0.3000000034522205, 1.7666883779790422e-12, 1.0919738656149426e-11, 0.3499999999893076]","[0.29700836097881117, 0.34999650745824756, 0.0029954273183551137, 1.388923610961198e-07, 0.3499995653522252]",[0.2 0.2 0.2 0.2 0.2]
2025-10-24,"[0.24533728811173894, 0.34999999995881725, 4.448580562269937e-10, 0.05466271150281526, 0.34999999998177045]","[0.24534024906351476, 0.3499963612531453, 1.4494742348592727e-07, 0.054663591928592666, 0.3499996528073052]","[0.30975344337396366, 0.29668925288364933, 8.005841775905425e-12, 0.0435573037392449, 0.34999999999513626]","[0.2676837173669366, 0.3499851994451629, 5.62383766203688e-07, 0.03233123011558812, 0.34999929068855157]",[0.2 0.2 0.2 0.2 0.2]
2025-10-31,"[0.34999999996968706, 0.27632994262452965, 1.716506096526923e-12, 0.023670057404883853, 0.3499999999991831]","[0.2843402295217398, 0.34999934155479856, 1.1469559335745808e-07, 0.015660398532770025, 0.34999991569509825]","[0.2387925415042788, 0.3499999999636541, 0.002594501312943373, 0.05861295722257766, 0.3499999999965463]","[0.24251928783922114, 0.34998697015900604, 1.4475699464898887e-07, 0.05749430204227521, 0.34999929520251305]",[0.2 0.2 0.2 0.2 0.2]
2025-11-07,"[0.13329450523286585, 0.34999999999901277, 1.2250893244499735e-10, 0.16670549464613854, 0.3499999999994739]","[0.13329482545776183, 0.3499993534814147, 1.437742987125119e-07, 0.1667057426436819, 0.34999993464283574]","[0.12623843228825313, 0.3499999999645654, 2.1983608890823558e-12, 0.17376156776472884, 0.3499999999802544]","[0.12624879843660317, 0.349987882427053, 6.127956279077771e-07, 0.1737651877866504, 0.3499975185540839]",[0.2 0.2 0.2 0.2 0.2]
2025-11-14,"[0.2387925413436794, 0.3499999999986751, 0.002594501216073601, 0.058612957441984415, 0.3499999999995874]","[0.24242597661990264, 0.349998907841671, 3.4442392023160243e-06, 0.05757203563281701, 0.34999963566639064]","[0.24533731982876064, 0.3499999999759403, 1.412871398536454e-10, 0.054662680065202, 0.3499999999888099]","[0.2453377419853885, 0.3499988948677179, 5.081342689926588e-07, 0.0546630306285389, 0.34999982438409155]",[0.2 0.2 0.2 0.2 0.2]
2025-11-21,"[0.2453373230052043, 0.3499999999325441, 2.6684170849952103e-12, 0.05466267707400127, 0.34999999998558184]","[0.24533766102848623, 0.34999947848734286, 1.4442175572389122e-07, 0.054662815999815956, 0.3499999000626105]","[0.23879251983897207, 0.34999999994810305, 0.0025945050582432427, 0.058612975180890516, 0.34999999997379133]","[0.24189642911140996, 0.3499989352656877, 6.75818148623934e-07, 0.05810414802824029, 0.34999981177652634]",[0.2 0.2 0.2 0.2 0.2]
2025-11-28,"[0.2453373196327643, 0.3499999999583869, 1.3404796104629726e-11, 0.05466268040869857, 0.3499999999867456]","[0.24535774397981586, 0.34998215040852854, 6.432996629271855e-07, 0.05466034830038804, 0.3499991140116116]","[0.12623842435995525, 0.34999999999832837, 1.5494658784532797e-13, 0.17376157564233177, 0.34999999999922965]","[0.12626062585869957, 0.34997868596668663, 2.292695110676215e-07, 0.1737611859123079, 0.3499992729927953]",[0.2 0.2 0.2 0.2 0.2]
2025-12-05,"[0.26971801024573416, 0.3499999973815412, 3.31142491912617e-13, 0.03028199237402059, 0.34999999999837283]","[0.2697244685517613, 0.34999159014005626, 1.161346375077114e-06, 0.030283422665673968, 0.34999935729613274]","[0.3277319957789485, 0.32226800421701324, 1.698841876707109e-13, 5.1200962389234415e-12, 0.3499999999987482]","[0.29566040336672933, 0.34998166757484156, 1.465141412690307e-05, 0.004345101372311075, 0.3499981762719999]",[0.2 0.2 0.2 0.2 0.2]
2025-12-12,"[0.2697180088087947, 0.3499999999444083, 1.7370311755319912e-12, 0.030281991251756613, 0.3499999999933034]","[0.26971810900219706, 0.3499998105849205, 1.871440393409027e-08, 0.030282078410178825, 0.34999998328829984]","[0.23879254152215645, 0.3499999999940535, 0.0025945009079748472, 0.058612957578048686, 0.34999999999776665]","[0.24182530653233014, 0.3499975054108624, 1.5268611645980324e-05, 0.05816358460989696, 0.34999833483526943]",[0.2 0.2 0.2 0.2 0.2]
